1DfiiyhfubvjxG5GISZs6d	NancyInQueens	6	2017-08-13 00:00:00
7lJHrjbXMKQIshduqm4izO	NancyInQueens	9	2017-08-14 00:00:00
6PCUP3dWmTjcTtXY02oFdT	NancyInQueens	10	2017-08-14 00:00:00
7azo4rpSUh8nXgtonC6Pkq	LAFEgve	10	2017-07-23 00:00:00
5FEni1BSfVy7VC2HjVbqlE	LAFEgve	10	2017-07-23 00:00:00
4SRZdX8VX831cWoyIvPoV7	LAFEgve	9	2017-07-23 00:00:00
7Cis8B5HNb2m975ncjrqXD	LAFEgve	7	2017-07-23 00:00:00
7azo4rpSUh8nXgtonC6Pkq	leleUE	8	2017-08-17 00:00:00
5FEni1BSfVy7VC2HjVbqlE	leleUE	8	2017-08-17 00:00:00
4SRZdX8VX831cWoyIvPoV7	leleUE	6	2017-08-17 00:00:00
6WuufZDBNoEJBTinRiznhO	leleUE	10	2017-08-17 00:00:00
7Cis8B5HNb2m975ncjrqXD	leleUE	9	2017-08-17 00:00:00
7Cis8B5HNb2m975ncjrqXD	Dorisdodo	8	2017-10-12 00:00:00
2M45GWnCdnCAQKY54KRLfJ	Dorisdodo	8	2017-10-12 00:00:00
7azo4rpSUh8nXgtonC6Pkq	CcsS	9	2017-11-07 00:00:00
5FEni1BSfVy7VC2HjVbqlE	CcsS	9	2017-11-07 00:00:00
4SRZdX8VX831cWoyIvPoV7	CcsS	9	2017-11-07 00:00:00
7Cis8B5HNb2m975ncjrqXD	CcsS	10	2017-11-07 00:00:00
2M45GWnCdnCAQKY54KRLfJ	CcsS	9	2017-11-07 00:00:00
7azo4rpSUh8nXgtonC6Pkq	RTdgawe	8	2017-06-10 00:00:00
5FEni1BSfVy7VC2HjVbqlE	RTdgawe	8	2017-06-10 00:00:00
4SRZdX8VX831cWoyIvPoV7	RTdgawe	8	2017-06-13 00:00:00
1DfiiyhfubvjxG5GISZs6d	RTdgawe	8	2017-06-10 00:00:00
4RVFw5tCppXmg6Js7aPawD	RTdgawe	9	2017-06-11 00:00:00
6WuufZDBNoEJBTinRiznhO	RTdgawe	5	2017-06-10 00:00:00
1fZF2M4F0azWhEZkzDOwm6	RTdgawe	10	2017-06-10 00:00:00
3ALOM3MKnvWuXaijMR8tBp	RTdgawe	10	2017-06-12 00:00:00
7Cis8B5HNb2m975ncjrqXD	RTdgawe	7	2017-06-10 00:00:00
2M45GWnCdnCAQKY54KRLfJ	RTdgawe	7	2017-06-11 00:00:00
7lJHrjbXMKQIshduqm4izO	RTdgawe	6	2017-06-10 00:00:00
6PCUP3dWmTjcTtXY02oFdT	RTdgawe	7	2017-06-10 00:00:00
7azo4rpSUh8nXgtonC6Pkq	DeadShot	9	2017-09-02 00:00:00
5FEni1BSfVy7VC2HjVbqlE	DeadShot	9	2017-09-02 00:00:00
4SRZdX8VX831cWoyIvPoV7	DeadShot	9	2017-09-02 00:00:00
1DfiiyhfubvjxG5GISZs6d	DeadShot	10	2017-09-02 00:00:00
4RVFw5tCppXmg6Js7aPawD	DeadShot	10	2017-09-02 00:00:00
1fZF2M4F0azWhEZkzDOwm6	DeadShot	10	2017-09-02 00:00:00
3ALOM3MKnvWuXaijMR8tBp	DeadShot	10	2017-09-02 00:00:00
2uUaKNcnJyiUG82aUefZ0D	CcsS	10	2017-12-17 16:53:16
04aAxqtGp5pv12UXAg4pkq	CcsS	9	2017-12-17 16:56:02
4aebBr4JAihzJQR0CiIZJv	testuser	8	2017-12-18 21:41:15
